slug,name,category,inheritance,rarity,price_tier,price_range,summary,url
harlequin,Harlequin,pattern,polygenic,common,$$,$120 to $400,"Light pattern on the flanks and limbs, with variable dorsal coverage.",https://geckinspect.com/MorphGuide/harlequin
extreme-harlequin,Extreme Harlequin,pattern,polygenic,uncommon,$$$,$350 to $900,"Extensive lateral and limb pattern, with variable interruptions and contrast.",https://geckinspect.com/MorphGuide/extreme-harlequin
pinstripe,Pinstripe,pattern,polygenic,common,$$,$120 to $350,Light coloration following the paired raised edges of the back.,https://geckinspect.com/MorphGuide/pinstripe
phantom-pinstripe,Phantom Pinstripe,pattern,polygenic,rare,$$$,"$500 to $1,500",A historical visual label that needs to be distinguished from genetic Phantom and reverse pinstripe.,https://geckinspect.com/MorphGuide/phantom-pinstripe
dalmatian,Dalmatian,pattern,polygenic,common,$$,$100 to $400,Discrete pigmented spots that can coexist with other patterns.,https://geckinspect.com/MorphGuide/dalmatian
super-dalmatian,Super Dalmatian,pattern,polygenic,uncommon,$$$,$300 to $800,Heavy spotting; ask whether super denotes appearance or a documented genetic claim.,https://geckinspect.com/MorphGuide/super-dalmatian
flame,Flame,pattern,polygenic,common,$,$60 to $180,Dorsal pattern dominates; flank and leg pattern is limited.,https://geckinspect.com/MorphGuide/flame
tiger,Tiger,pattern,polygenic,uncommon,$$,$150 to $400,Dark transverse banding with variable contrast and continuity.,https://geckinspect.com/MorphGuide/tiger
brindle,Brindle,pattern,polygenic,uncommon,$$,$180 to $450,"Heavier, more irregular banding than tiger, often described as ""broken"" or ""marbled"" tiger.",https://geckinspect.com/MorphGuide/brindle
extreme-brindle,Extreme Brindle,pattern,polygenic,rare,$$$,"$400 to $1,000","Dominant, coverage-heavy brindle with dark pattern consuming most of the dorsum and flanks.",https://geckinspect.com/MorphGuide/extreme-brindle
tiger-brindle,Tiger / Brindle,pattern,polygenic,uncommon,$$,$150 to $400,"Intermediate expression between tiger and brindle, sold as a single ""T/B"" category in much of the hobby.",https://geckinspect.com/MorphGuide/tiger-brindle
soft-scale,Soft Scale,structure,incomplete-dominant,uncommon,$$$,"$400 to $1,000",Subtle scale and texture differences requiring close comparison and lineage.,https://geckinspect.com/MorphGuide/soft-scale
super-soft-scale,Super Soft Scale,structure,incomplete-dominant,rare,$$$$,"$1,200 to $3,500",The more pronounced form in the Soft Scale breeding model.,https://geckinspect.com/MorphGuide/super-soft-scale
white-wall,White Wall,structure,incomplete-dominant,rare,$$$$,"$1,500 to $4,000",Extensive pale flank pattern; terminology depends on the breeder and line.,https://geckinspect.com/MorphGuide/white-wall
white-wall-white-spot,White Wall White Spot,structure,incomplete-dominant,rare,$$$$,"$1,500 to $4,000",A white-pattern label whose meaning needs breeder context.,https://geckinspect.com/MorphGuide/white-wall-white-spot
cappuccino,Cappuccino,structure,incomplete-dominant,uncommon,$$$,"$400 to $1,200",A genetic trait with variable appearance across ages and combinations.,https://geckinspect.com/MorphGuide/cappuccino
frappuccino,Frappuccino,combo,incomplete-dominant,rare,$$$$,"$1,500 to $3,500","The combination of Cappuccino and Lilly White, with variable expression.",https://geckinspect.com/MorphGuide/frappuccino
lilly-white,Lilly White,structure,incomplete-dominant,uncommon,$$$,$300 to $900,"Proven incomplete-dominant trait producing bold white markings, the super form is lethal.",https://geckinspect.com/MorphGuide/lilly-white
axanthic,Axanthic,color,recessive,rare,$$$$,"$1,500 to $4,000","Proven recessive trait that removes yellow and red pigment, animals appear black, gray, and white.",https://geckinspect.com/MorphGuide/axanthic
albino,Albino,color,recessive,very_rare,,,The newest crested gecko color gene: no black pigment and red eyes. The first healthy albino hatchlings were announced by Eureka Exotics in March 2026.,https://geckinspect.com/MorphGuide/albino
hypo,Hypo (Hypomelanistic),color,line-bred,rare,$$$,"$500 to $1,500","Line-bred trait reducing black pigment, warmer, brighter animals with pale bellies and reduced dark markings.",https://geckinspect.com/MorphGuide/hypo
patternless,Patternless,color,line-bred,common,$,$50 to $150,"Line-bred trait for solid-colored animals with no discernible pattern, often the base for breeding projects.",https://geckinspect.com/MorphGuide/patternless
moonglow,Moonglow,color,line-bred,very_rare,$$$,No reliable price standard for this disputed label,"A disputed label and breeding goal, not a visual diagnosis.",https://geckinspect.com/MorphGuide/moonglow
translucent,Translucent,color,line-bred,rare,$$$,"$400 to $1,200","An appearance description requiring context, not a diagnosis from a photograph.",https://geckinspect.com/MorphGuide/translucent
red-base,Red Base,base,polygenic,uncommon,$$,$180 to $450,"Polygenic base color showing true red tones, distinct from red dalmatian or rose-brown animals.",https://geckinspect.com/MorphGuide/red-base
orange-base,Orange Base,base,polygenic,uncommon,$$,$150 to $350,"Polygenic base color in warm orange tones, common and widely produced.",https://geckinspect.com/MorphGuide/orange-base
yellow-base,Yellow Base,base,polygenic,common,$,$80 to $200,"Polygenic base color with bright yellow ground color, common and beginner-friendly.",https://geckinspect.com/MorphGuide/yellow-base
olive,Olive,base,polygenic,uncommon,$$,$150 to $400,Polygenic base color producing a distinctive olive-green or khaki tone.,https://geckinspect.com/MorphGuide/olive
chocolate,Chocolate,base,polygenic,uncommon,$$,$150 to $400,"Polygenic base color with rich deep-brown tones, like dark chocolate.",https://geckinspect.com/MorphGuide/chocolate
lavender,Lavender,base,polygenic,rare,$$$,"$400 to $1,000","Polygenic base color showing an unusual purple-gray tone, rare and sought-after.",https://geckinspect.com/MorphGuide/lavender
buckskin,Buckskin,base,polygenic,common,$,$60 to $180,"Warm tan or leather-colored base, a classic ""starter"" color with pleasant earthy tones.",https://geckinspect.com/MorphGuide/buckskin
cream,Cream,combo,polygenic,uncommon,$$,$150 to $450,"Cream color applied to harlequin or pinstripe pattern, bright, clean, and highly sought after.",https://geckinspect.com/MorphGuide/cream
tricolor,Tricolor,combo,polygenic,uncommon,$$$,$300 to $800,"Three distinguishable colors, often on a harlequin pattern; visual grading varies.",https://geckinspect.com/MorphGuide/tricolor
bicolor,Bicolor,combo,polygenic,common,$,$80 to $200,"Animal with two clear contrasting colors, typically a base plus one pattern color.",https://geckinspect.com/MorphGuide/bicolor
